event_start_date,event_end_date,event_year,event_month,season,duration_days,country,iso3,continent,sub_region,disaster_type,disaster_category,severity_class,total_deaths,total_affected,total_displaced,deaths_per_million,affected_pct_population,economic_damage_usd,damage_pct_gdp,country_gdp_usd,gdp_per_capita_usd,country_population,hdi_income_proxy,income_group,event_description
2015-01-01,2015-12-31,2015,1,Winter,365,Nepal,NPL,Asia,Southern Asia,Drought,Climatological,Moderate,0,2800000,0,0.0,10.063,800000,0.0033,24360801286.76381,876.0,27823629.0,0.328,Low income,Severe drought affecting food production across Nepal
2015-01-01,2015-03-31,2015,1,Winter,90,Mozambique,MOZ,Africa,Sub-Saharan Africa,Flood,Hydrological,Moderate,139,230000,25000,5.24,0.866,71000,0.0004,16208985769.614956,611.0,26547572.0,0.273,Low income,Tropical cyclone Chedza related floods
2015-01-01,2015-12-31,2015,1,Winter,365,Indonesia,IDN,Asia,South-eastern Asia,Wildfire,Climatological,Minor,19,500000,0,0.07,0.191,16100000,0.0019,860854232686.2139,3288.0,261799249.0,0.528,Lower-middle income,Peat and forest fires — worst in decades
2015-03-01,2015-04-30,2015,3,Spring,61,Vanuatu,VUT,Oceania,Melanesia,Tropical Storm,Meteorological,Minor,11,188000,60000,41.34,70.65,450000,0.0616,730870802.9670509,2747.0,266101.0,0.5,Lower-middle income,Tropical Cyclone Pam — Category 5
2015-04-01,2015-06-30,2015,4,Spring,91,Bosnia and Herzegovina,BIH,Europe,Southern Europe,Flood,Hydrological,Moderate,61,950000,0,17.34,27.0,1500000,0.0091,16404348871.443705,4662.0,3518541.0,0.58,Upper-middle income,Balkan floods — worst in 120 years
2015-04-25,2015-05-12,2015,4,Spring,18,Nepal,NPL,Asia,Southern Asia,Earthquake,Geophysical,Severe,8964,2800000,0,322.17,10.063,7100000,0.0291,24360801286.76381,876.0,27823629.0,0.328,Low income,Mw 7.8 Gorkha earthquake + aftershocks
2015-05-01,2015-08-31,2015,5,Spring,123,Ethiopia,ETH,Africa,Sub-Saharan Africa,Drought,Climatological,Moderate,0,10200000,0,0.0,9.82,1200000,0.0019,64589328550.5953,622.0,103867135.0,0.276,Low income,El Niño-driven drought affecting 10M+ people
2015-05-01,2015-06-30,2015,5,Spring,61,Japan,JPN,Asia,Eastern Asia,Earthquake,Geophysical,Minor,1,24000,0,0.01,0.019,980000,0.0,4444930651964.18,34961.0,127141000.0,0.885,High income,2015 Ogasawara deep earthquake M8.5
2015-07-01,2015-09-30,2015,7,Summer,92,India,IND,Asia,Southern Asia,Extreme Temperature,Meteorological,Catastrophic,2500,23000000,0,1.88,1.732,450000,0.0,2103588360044.389,1584.0,1328024498.0,0.417,Lower-middle income,Severe heatwave killing thousands across India
2015-07-01,2015-09-30,2015,7,Summer,92,Pakistan,PAK,Asia,Southern Asia,Extreme Temperature,Meteorological,Moderate,1229,0,0,5.66,0.0,50000,0.0,299963590534.7735,1380.0,217290883.0,0.396,Lower-middle income,Karachi heatwave 2015
2015-08-01,2015-09-30,2015,8,Summer,61,Myanmar,MMR,Asia,South-eastern Asia,Flood,Hydrological,Moderate,102,1000000,0,2.0,1.957,300000,0.0005,59607290407.61913,1167.0,51089056.0,0.371,Lower-middle income,Floods after Typhoon Kujira
2015-09-01,2015-12-31,2015,9,Autumn,122,Zimbabwe,ZWE,Africa,Sub-Saharan Africa,Drought,Climatological,Moderate,0,3000000,0,0.0,20.835,500000,0.0025,19963120600.0,1386.0,14399013.0,0.397,Lower-middle income,El Niño drought — food emergency
2015-10-01,2015-11-30,2015,10,Autumn,61,Myanmar,MMR,Asia,South-eastern Asia,Flood,Hydrological,Moderate,132,1620000,0,2.58,3.171,210000,0.0004,59607290407.61913,1167.0,51089056.0,0.371,Lower-middle income,Monsoon floods displacing millions
2015-10-01,2015-11-30,2015,10,Autumn,61,India,IND,Asia,Southern Asia,Flood,Hydrological,Moderate,422,1800000,0,0.32,0.136,3500000,0.0002,2103588360044.389,1584.0,1328024498.0,0.417,Lower-middle income,Chennai floods — worst in 100 years
2015-11-01,2015-12-31,2015,11,Autumn,61,United Kingdom,GBR,Europe,Northern Europe,Flood,Hydrological,Minor,0,16000,0,0.0,0.025,1300000,0.0,2927911140916.7314,44984.0,65088000.0,0.923,High income,Storm Desmond / Eva UK floods
2016-01-01,2016-12-31,2016,1,Winter,366,Southern Africa,ZAF,Africa,Sub-Saharan Africa,Drought,Climatological,Moderate,0,40000000,0,0.0,69.857,1200000,0.0004,323585509674.4806,5651.0,57259551.0,0.609,Upper-middle income,El Niño drought across Southern Africa
2016-01-20,2016-01-24,2016,1,Winter,5,United States,USA,Americas,Northern America,Extreme Temperature,Meteorological,Minor,58,0,0,0.18,0.0,500000,0.0,18804913000000.0,57977.0,324353340.0,0.961,High income,January 2016 blizzard — Winter Storm Jonas
2016-02-06,2016-02-07,2016,2,Winter,2,Taiwan,TWN,,,Earthquake,Geophysical,Minor,117,15000,0,,,3000000,,,,,,Unknown,Mw 6.4 Tainan earthquake
2016-04-14,2016-04-16,2016,4,Spring,3,Japan,JPN,Asia,Eastern Asia,Earthquake,Geophysical,Moderate,225,180000,0,1.77,0.142,23000000,0.0005,5003677627544.24,39375.0,127076000.0,0.903,High income,Kumamoto earthquakes M7.0 + M7.3
2016-04-16,2016-04-17,2016,4,Spring,2,Ecuador,ECU,Americas,Latin America and the Caribbean,Earthquake,Geophysical,Moderate,671,350000,0,40.65,2.121,3300000,0.0034,97671433000.0,5918.0,16505139.0,0.616,Upper-middle income,Mw 7.8 Muisne earthquake
2016-05-01,2016-09-30,2016,5,Spring,153,Canada,CAN,Americas,Northern America,Wildfire,Climatological,Minor,0,88000,0,0.0,0.244,3600000,0.0002,1527994741907.425,42314.0,36110803.0,0.914,High income,Fort McMurray wildfire — costliest in Canada history
2016-05-01,2016-05-31,2016,5,Spring,31,India,IND,Asia,Southern Asia,Extreme Temperature,Meteorological,Moderate,1111,0,0,0.83,0.0,300000,0.0,2294796885663.67,1708.0,1343944296.0,0.429,Lower-middle income,India heatwave — Andhra Pradesh
2016-06-01,2016-06-30,2016,6,Summer,30,Germany,DEU,Europe,Western Europe,Flood,Hydrological,Minor,13,2500,0,0.16,0.003,2000000,0.0001,3469853463945.5337,42136.0,82348669.0,0.913,High income,June 2016 European floods
2016-07-01,2016-09-30,2016,7,Summer,92,China,CHN,Asia,Eastern Asia,Flood,Hydrological,Severe,483,15000000,0,0.35,1.081,22000000,0.0002,11233313730348.72,8094.0,1387790000.0,0.664,Upper-middle income,Yangtze & Huai River floods
2016-08-01,2016-09-30,2016,8,Summer,61,Louisiana,USA,Americas,Northern America,Flood,Hydrological,Minor,13,30000,0,0.04,0.009,10000000,0.0001,18804913000000.0,57977.0,324353340.0,0.961,High income,"Louisiana floods — 40,000 homes damaged"
2016-08-24,2016-08-25,2016,8,Summer,2,Italy,ITA,Europe,Southern Europe,Earthquake,Geophysical,Minor,299,4800,2500,4.97,0.008,5200000,0.0003,1877071687633.7788,31225.0,60115223.0,0.868,High income,Mw 6.2 Amatrice earthquake
2016-09-01,2016-12-31,2016,9,Autumn,122,Somalia,SOM,Africa,Sub-Saharan Africa,Drought,Climatological,Moderate,0,6700000,0,0.0,46.694,800000,0.0108,7390796616.528166,515.0,14348740.0,0.248,Low income,Severe drought — food emergency
2016-10-01,2016-12-31,2016,10,Autumn,92,Haiti,HTI,Americas,Latin America and the Caribbean,Hurricane,Meteorological,Severe,546,1400000,15000,51.16,13.119,1900000,0.0135,14069277526.227812,1318.0,10671457.0,0.39,Lower-middle income,Hurricane Matthew — Cat 4 landfall
2016-10-01,2016-10-31,2016,10,Autumn,31,Cuba,CUB,Americas,Latin America and the Caribbean,Hurricane,Meteorological,Minor,4,450000,0,0.36,3.994,2800000,0.0031,91370407863.7,8111.0,11265612.0,0.664,Upper-middle income,Hurricane Matthew affecting Cuba
2016-11-01,2016-12-31,2016,11,Autumn,61,New Zealand,NZL,Oceania,Australia and New Zealand,Earthquake,Geophysical,Minor,2,10000,0,0.42,0.212,1500000,0.0008,188898209220.16672,40071.0,4714100.0,0.905,High income,Kaikoura earthquake Mw 7.8
2017-01-01,2017-06-30,2017,1,Winter,181,East Africa,KEN,Africa,Sub-Saharan Africa,Drought,Climatological,Moderate,0,23000000,0,0.0,46.75,2000000,0.0024,82036510877.25989,1667.0,49197766.0,0.425,Lower-middle income,Horn of Africa drought — Kenya/Ethiopia/Somalia
2017-03-01,2017-04-30,2017,3,Spring,61,Mozambique,MOZ,Africa,Sub-Saharan Africa,Tropical Storm,Meteorological,Moderate,225,230000,80000,7.99,0.817,560000,0.0042,13264640645.77679,471.0,28166393.0,0.234,Low income,Cyclone Dineo
2017-04-01,2017-06-30,2017,4,Spring,91,Peru,PER,Americas,Latin America and the Caribbean,Flood,Hydrological,Moderate,162,1300000,0,5.17,4.15,3100000,0.0015,211007984080.9105,6736.0,31324637.0,0.636,Upper-middle income,El Niño Costero floods — worst in decades
2017-05-01,2017-05-31,2017,5,Spring,31,Pakistan,PAK,Asia,Southern Asia,Extreme Temperature,Meteorological,Minor,65,0,0,0.29,0.0,100000,0.0,339205534861.1001,1519.0,223273967.0,0.411,Lower-middle income,Pakistan heatwave — Sindh province
2017-07-01,2017-12-31,2017,7,Summer,184,Portugal,PRT,Europe,Southern Europe,Wildfire,Climatological,Minor,115,0,0,11.16,0.0,1200000,0.0005,221357874718.9297,21490.0,10300300.0,0.811,High income,Portugal wildfires — Pedrógão Grande
2017-07-01,2017-09-30,2017,7,Summer,92,Niger,NER,Africa,Sub-Saharan Africa,Flood,Hydrological,Moderate,72,220000,0,3.36,1.026,220000,0.002,11185104251.69431,522.0,21435446.0,0.25,Low income,Sahel flooding
2017-08-01,2017-09-30,2017,8,Summer,61,South Asia,BGD,Asia,Southern Asia,Flood,Hydrological,Severe,1200,41000000,200000,7.4,25.28,2700000,0.0009,293732447017.3276,1811.0,162186147.0,0.438,Lower-middle income,"South Asia floods — Bangladesh, India, Nepal"
2017-08-25,2017-09-01,2017,8,Summer,8,United States,USA,Americas,Northern America,Hurricane,Meteorological,Minor,89,30000,0,0.27,0.009,125000000,0.0006,19612102000000.0,60048.0,326608609.0,0.966,High income,"Hurricane Harvey — Cat 4, record rainfall"
2017-09-06,2017-09-08,2017,9,Autumn,3,Caribbean,PRI,Americas,Caribbean,Hurricane,Meteorological,Moderate,64,470000,0,18.76,13.78,90000000,0.087,103445500000.0,30328.0,3410837.0,0.863,High income,Hurricane Irma — Cat 5
2017-09-07,2017-09-08,2017,9,Autumn,2,Mexico,MEX,Americas,Latin America and the Caribbean,Earthquake,Geophysical,Moderate,98,800000,0,0.79,0.648,3100000,0.0003,1190721475906.0,9649.0,123400057.0,0.69,Upper-middle income,Mw 8.2 Chiapas earthquake
2017-09-19,2017-09-20,2017,9,Autumn,2,Mexico,MEX,Americas,Latin America and the Caribbean,Earthquake,Geophysical,Moderate,370,150000,0,3.0,0.122,8000000,0.0007,1190721475906.0,9649.0,123400057.0,0.69,Upper-middle income,Mw 7.1 Puebla earthquake
2017-09-20,2017-09-21,2017,9,Autumn,2,Puerto Rico,PRI,Americas,Latin America and the Caribbean,Hurricane,Meteorological,Severe,2975,3300000,0,872.22,96.75,91600000,0.0885,103445500000.0,30328.0,3410837.0,0.863,High income,"Hurricane Maria — Cat 4, devastated PR"
2017-10-01,2017-12-31,2017,10,Autumn,92,United States,USA,Americas,Northern America,Wildfire,Climatological,Minor,44,190000,0,0.13,0.058,18000000,0.0001,19612102000000.0,60048.0,326608609.0,0.966,High income,California wildfires — Tubbs & Atlas fires
2017-11-01,2017-12-31,2017,11,Autumn,61,Vietnam,VNM,Asia,South-eastern Asia,Flood,Hydrological,Moderate,200,600000,0,2.1,0.63,1500000,0.0005,281353605986.90344,2956.0,95176977.0,0.512,Lower-middle income,Central Vietnam flooding
2017-11-01,2017-11-30,2017,11,Autumn,30,Vietnam,VNM,Asia,South-eastern Asia,Flood,Hydrological,Moderate,106,250000,0,1.11,0.263,800000,0.0003,281353605986.90344,2956.0,95176977.0,0.512,Lower-middle income,Typhoon Damrey flooding
2018-01-01,2018-12-31,2018,1,Winter,365,India,IND,Asia,Southern Asia,Flood,Hydrological,Severe,1029,5400000,0,0.75,0.393,3100000,0.0001,2702929641648.14,1966.0,1374659064.0,0.45,Lower-middle income,Kerala floods — worst in 100 years
2018-01-01,2018-12-31,2018,1,Winter,365,Afghanistan,AFG,Asia,Southern Asia,Drought,Climatological,Moderate,0,2200000,0,0.0,5.988,600000,0.0033,18053222687.412624,491.0,36743039.0,0.24,Low income,Afghanistan drought — displacement crisis
2018-03-01,2018-04-30,2018,3,Spring,61,India,IND,Asia,Southern Asia,Extreme Temperature,Meteorological,Minor,58,0,0,0.04,0.0,200000,0.0,2702929641648.14,1966.0,1374659064.0,0.45,Lower-middle income,India early heatwave — March 2018
2018-05-01,2018-06-30,2018,5,Spring,61,Guatemala,GTM,Americas,Latin America and the Caribbean,Volcanic,Geophysical,Minor,433,12000,3000,25.7,0.071,330000,0.0005,73328365862.43286,4353.0,16845685.0,0.57,Lower-middle income,Fuego volcano eruption
2018-07-01,2018-09-30,2018,7,Summer,92,Europe,DEU,Europe,Western Europe,Extreme Temperature,Meteorological,Moderate,1500,0,0,18.09,0.0,3200000,0.0001,3974443355019.605,47939.0,82905782.0,0.932,High income,2018 European heatwave — Germany/UK/Scandinavia
2018-07-05,2018-07-06,2018,7,Summer,2,Japan,JPN,Asia,Eastern Asia,Flood,Hydrological,Moderate,237,300000,0,1.87,0.237,10200000,0.0002,5040880939324.859,39751.0,126811000.0,0.904,High income,Japan floods — Hiroshima/Okayama regions
2018-07-23,2018-07-24,2018,7,Summer,2,Greece,GRC,Europe,Southern Europe,Wildfire,Climatological,Minor,104,0,0,9.69,0.0,1800000,0.0008,212049447242.1112,19757.0,10732882.0,0.798,High income,Mati wildfire near Athens
2018-08-01,2018-09-30,2018,8,Summer,61,India,IND,Asia,Southern Asia,Flood,Hydrological,Moderate,483,1450000,0,0.35,0.105,4100000,0.0002,2702929641648.14,1966.0,1374659064.0,0.45,Lower-middle income,Kerala floods — August 2018
2018-09-01,2018-10-31,2018,9,Autumn,61,Nigeria,NGA,Africa,Sub-Saharan Africa,Flood,Hydrological,Moderate,199,600000,0,0.97,0.293,1100000,0.0003,421739251509.0796,2058.0,204938755.0,0.457,Lower-middle income,Nigeria Benue River floods
2018-09-15,2018-09-16,2018,9,Autumn,2,Philippines,PHL,Asia,South-eastern Asia,Tropical Storm,Meteorological,Moderate,134,800000,0,1.22,0.731,870000,0.0003,346841896583.5147,3169.0,109465287.0,0.522,Lower-middle income,Typhoon Mangkhut (Ompong)
2018-09-28,2018-09-29,2018,9,Autumn,2,Indonesia,IDN,Asia,South-eastern Asia,Earthquake,Geophysical,Moderate,4340,70000,75000,16.08,0.026,13000000,0.0012,1042271532988.6316,3861.0,269951846.0,0.552,Lower-middle income,Sulawesi earthquake + tsunami M7.5
2018-10-01,2018-11-30,2018,10,Autumn,61,United States,USA,Americas,Northern America,Hurricane,Meteorological,Minor,49,155000,0,0.15,0.047,25000000,0.0001,20656516000000.0,62876.0,328529577.0,0.973,High income,Hurricane Michael — Cat 5 Florida panhandle
2018-10-28,2018-10-29,2018,10,Autumn,2,Cuba,CUB,Americas,Latin America and the Caribbean,Hurricane,Meteorological,Minor,6,700000,0,0.53,6.235,2200000,0.0022,100050036096.123,8911.0,11227118.0,0.678,Upper-middle income,Hurricane Oscar
2018-11-01,2018-12-31,2018,11,Autumn,61,United States,USA,Americas,Northern America,Wildfire,Climatological,Moderate,86,153000,0,0.26,0.047,16500000,0.0001,20656516000000.0,62876.0,328529577.0,0.973,High income,California Camp Fire — deadliest in CA history
2018-12-22,2018-12-23,2018,12,Winter,2,Indonesia,IDN,Asia,South-eastern Asia,Tsunami,Hydrological,Minor,431,10000,15000,1.6,0.004,700000,0.0001,1042271532988.6316,3861.0,269951846.0,0.552,Lower-middle income,Krakatau volcano-triggered tsunami
2019-01-01,2019-12-31,2019,1,Winter,365,Indonesia,IDN,Asia,South-eastern Asia,Wildfire,Climatological,Minor,0,900000,0,0.0,0.33,7200000,0.0006,1119099871350.1992,4107.0,272489381.0,0.561,Lower-middle income,Kalimantan/Sumatra peat fires
2019-01-01,2019-06-30,2019,1,Winter,181,Somalia,SOM,Africa,Sub-Saharan Africa,Drought,Climatological,Moderate,0,2100000,0,0.0,13.1,700000,0.0074,9420431258.247469,588.0,16030971.0,0.268,Low income,Somalia drought continued
2019-03-15,2019-03-17,2019,3,Spring,3,Mozambique,MOZ,Africa,Sub-Saharan Africa,Tropical Storm,Meteorological,Severe,603,1400000,190000,20.18,4.685,2200000,0.0142,15512758964.577944,519.0,29884380.0,0.249,Low income,Cyclone Idai — Cat 3 + flooding
2019-04-01,2019-06-30,2019,4,Spring,91,Iran,IRN,Asia,Southern Asia,Flood,Hydrological,Moderate,76,900000,0,0.87,1.034,2500000,0.0009,283649531542.74054,3258.0,87051648.0,0.526,Lower-middle income,Iran flooding — worst in decades
2019-04-25,2019-04-28,2019,4,Spring,4,Mozambique,MOZ,Africa,Sub-Saharan Africa,Tropical Storm,Meteorological,Minor,41,160000,40000,1.37,0.535,620000,0.004,15512758964.577944,519.0,29884380.0,0.249,Low income,Cyclone Kenneth
2019-05-22,2019-05-22,2019,5,Spring,1,United States,USA,Americas,Northern America,Tornado,Meteorological,Minor,3,70000,0,0.01,0.021,2800000,0.0,21521395000000.0,65172.0,330226227.0,0.979,High income,Dayton Ohio tornado outbreak
2019-06-01,2019-08-31,2019,6,Summer,92,China,CHN,Asia,Eastern Asia,Flood,Hydrological,Moderate,271,10000000,0,0.19,0.71,15200000,0.0001,14279968506271.729,10144.0,1407745000.0,0.698,Upper-middle income,China summer flooding
2019-07-01,2019-08-31,2019,7,Summer,62,Europe,FRA,Europe,Western Europe,Extreme Temperature,Meteorological,Moderate,2500,0,0,37.1,0.0,5300000,0.0002,2728870246705.878,40498.0,67382061.0,0.907,High income,2019 European heatwave — record temperatures
2019-07-01,2019-09-30,2019,7,Summer,92,South Asia,BGD,Asia,Southern Asia,Flood,Hydrological,Moderate,300,8000000,250000,1.82,4.851,1500000,0.0004,351231655150.82745,2130.0,164913055.0,0.462,Lower-middle income,South Asia monsoon floods
2019-07-01,2019-12-31,2019,7,Summer,184,Zimbabwe,ZWE,Africa,Sub-Saharan Africa,Drought,Climatological,Moderate,0,5500000,0,0.0,36.015,400000,0.0018,21832234925.50214,1430.0,15271368.0,0.402,Lower-middle income,Zimbabwe drought + power crisis
2019-08-01,2019-08-31,2019,8,Summer,31,India,IND,Asia,Southern Asia,Extreme Temperature,Meteorological,Minor,36,0,0,0.03,0.0,400000,0.0,2835606256558.844,2041.0,1389030312.0,0.456,Lower-middle income,India August heatwave
2019-09-01,2019-12-31,2019,9,Autumn,122,Australia,AUS,Oceania,Australia and New Zealand,Wildfire,Climatological,Moderate,34,3000000,0,1.34,11.841,110000000,0.0079,1394671325960.568,55050.0,25334826.0,0.953,High income,Black Summer wildfires — record scale
2019-10-12,2019-10-13,2019,10,Autumn,2,Japan,JPN,Asia,Eastern Asia,Tropical Storm,Meteorological,Moderate,99,800000,0,0.78,0.632,15000000,0.0003,5117993853016.508,40416.0,126633000.0,0.907,High income,Typhoon Hagibis
2019-11-01,2019-12-31,2019,11,Autumn,61,Kenya,KEN,Africa,Sub-Saharan Africa,Flood,Hydrological,Moderate,136,380000,0,2.66,0.742,500000,0.0005,100378436207.37134,1960.0,51202827.0,0.449,Lower-middle income,Kenya floods and landslides
2019-11-26,2019-11-27,2019,11,Autumn,2,Albania,ALB,Europe,Southern Europe,Earthquake,Geophysical,Minor,51,17000,2000,19.86,0.662,1080000,0.007,15401826127.253857,5998.0,2567801.0,0.618,Upper-middle income,Mw 6.4 Durres earthquake
2020-01-01,2020-12-31,2020,1,Winter,366,East Africa,SOM,Africa,Sub-Saharan Africa,Drought,Climatological,Moderate,0,19000000,0,0.0,114.106,1100000,0.012,9204140383.17612,553.0,16651191.0,0.258,Low income,Locust + drought compound disaster
2020-01-07,2020-02-15,2020,1,Winter,40,Australia,AUS,Oceania,Australia and New Zealand,Wildfire,Climatological,Moderate,33,3000000,0,1.29,11.696,103000000,0.0077,1330381544909.3044,51868.0,25649248.0,0.944,High income,Black Summer final phase
2020-04-01,2020-07-31,2020,4,Spring,122,Nigeria,NGA,Africa,Sub-Saharan Africa,Flood,Hydrological,Moderate,69,200000,0,0.32,0.093,600000,0.0001,432198898467.79486,2020.0,213996181.0,0.454,Lower-middle income,West Africa Sahel flooding
2020-05-20,2020-05-21,2020,5,Spring,2,Bangladesh,BGD,Asia,Southern Asia,Tropical Storm,Meteorological,Moderate,26,2400000,250000,0.16,1.443,1300000,0.0003,373979442653.34265,2249.0,166298024.0,0.47,Lower-middle income,Cyclone Amphan — most powerful Bay of Bengal storm
2020-05-20,2020-05-22,2020,5,Spring,3,India,IND,Asia,Southern Asia,Tropical Storm,Meteorological,Moderate,128,4800000,500000,0.09,0.342,14100000,0.0005,2674851578586.8647,1907.0,1402617695.0,0.445,Lower-middle income,Cyclone Amphan — India landfall
2020-06-01,2020-10-31,2020,6,Summer,153,China,CHN,Asia,Eastern Asia,Flood,Hydrological,Severe,279,45000000,0,0.2,3.189,25200000,0.0002,14687744162801.031,10409.0,1411100000.0,0.702,Upper-middle income,2020 China floods — worst in decades
2020-06-23,2020-06-24,2020,6,Summer,2,Mexico,MEX,Americas,Latin America and the Caribbean,Earthquake,Geophysical,Minor,10,23000,0,0.08,0.018,400000,0.0,1120832412468.8489,8839.0,126799054.0,0.677,Upper-middle income,Mw 7.4 Oaxaca earthquake
2020-07-01,2020-09-30,2020,7,Summer,92,India,IND,Asia,Southern Asia,Flood,Hydrological,Severe,1642,5600000,0,1.17,0.399,3800000,0.0001,2674851578586.8647,1907.0,1402617695.0,0.445,Lower-middle income,India monsoon floods 2020
2020-07-01,2020-09-30,2020,7,Summer,92,Bangladesh,BGD,Asia,Southern Asia,Flood,Hydrological,Moderate,200,5000000,250000,1.2,3.007,1200000,0.0003,373979442653.34265,2249.0,166298024.0,0.47,Lower-middle income,Bangladesh major flooding
2020-08-04,2020-08-04,2020,8,Summer,1,Lebanon,LBN,Asia,Western Asia,Explosion,Technological,Moderate,218,300000,0,38.23,5.261,4600000,0.0145,31712128253.796097,5561.0,5702398.0,0.607,Upper-middle income,Beirut port explosion — blast radius disaster
2020-08-14,2020-08-15,2020,8,Summer,2,Philippines,PHL,Asia,South-eastern Asia,Tropical Storm,Meteorological,Minor,21,270000,0,0.19,0.241,600000,0.0002,361751145451.5968,3228.0,112081264.0,0.525,Lower-middle income,Typhoon Goni precursor Typhoon Higos
2020-09-01,2020-12-31,2020,9,Autumn,122,United States,USA,Americas,Northern America,Wildfire,Climatological,Moderate,37,8900000,0,0.11,2.684,19900000,0.0001,21322950000000.0,64308.0,331577720.0,0.977,High income,California/Oregon wildfires — record 4M acres CA
2020-10-31,2020-11-01,2020,10,Autumn,2,Philippines,PHL,Asia,South-eastern Asia,Tropical Storm,Meteorological,Moderate,25,1200000,0,0.22,1.071,2300000,0.0006,361751145451.5968,3228.0,112081264.0,0.525,Lower-middle income,Typhoon Goni (Rolly) — Cat 5
2020-11-03,2020-11-04,2020,11,Autumn,2,Honduras,HND,Americas,Latin America and the Caribbean,Hurricane,Meteorological,Minor,74,93000,80000,7.31,0.919,1900000,0.0081,23352232483.75501,2308.0,10119640.0,0.474,Lower-middle income,Hurricane Eta — Cat 4
2020-11-16,2020-11-17,2020,11,Autumn,2,Honduras,HND,Americas,Latin America and the Caribbean,Hurricane,Meteorological,Minor,22,45000,40000,2.17,0.445,800000,0.0034,23352232483.75501,2308.0,10119640.0,0.474,Lower-middle income,Hurricane Iota — Cat 4
2021-01-01,2021-12-31,2021,1,Winter,365,Madagascar,MDG,Africa,Sub-Saharan Africa,Drought,Climatological,Moderate,0,1140000,0,0.0,3.84,500000,0.0034,14554754116.542671,490.0,29691083.0,0.24,Low income,Southern Madagascar drought famine
2021-06-01,2021-09-30,2021,6,Summer,122,United States,USA,Americas,Northern America,Wildfire,Climatological,Moderate,3,2700000,0,0.01,0.813,7800000,0.0,23594031000000.0,71045.0,332099760.0,0.992,High income,California Dixie fire + Caldor fire
2021-06-01,2021-09-30,2021,6,Summer,122,Turkey,TUR,Asia,Western Asia,Wildfire,Climatological,Minor,8,200000,0,0.1,0.238,1100000,0.0001,819865253669.6614,9743.0,84147318.0,0.692,Upper-middle income,Turkey wildfires — worst in decades
2021-06-01,2021-09-30,2021,6,Summer,122,Greece,GRC,Europe,Southern Europe,Wildfire,Climatological,Minor,3,125000,0,0.28,1.183,600000,0.0003,214667807441.202,20311.0,10569207.0,0.803,High income,Greece Evia island wildfires
2021-06-25,2021-07-05,2021,6,Summer,11,Canada,CAN,Americas,Northern America,Extreme Temperature,Meteorological,Moderate,619,0,0,16.19,0.0,1200000,0.0001,2007472181464.152,52497.0,38239864.0,0.946,High income,Pacific Northwest heat dome — record 49.6°C
2021-06-25,2021-07-05,2021,6,Summer,11,United States,USA,Americas,Northern America,Extreme Temperature,Meteorological,Minor,229,0,0,0.69,0.0,2200000,0.0,23594031000000.0,71045.0,332099760.0,0.992,High income,Pacific Northwest heat dome — Oregon/Washington
2021-07-01,2021-09-30,2021,7,Summer,92,China,CHN,Asia,Eastern Asia,Flood,Hydrological,Severe,302,15000000,0,0.21,1.062,19300000,0.0001,17820459508852.184,12618.0,1412360000.0,0.731,Upper-middle income,Henan floods — Zhengzhou 624mm/hr rainfall
2021-07-17,2021-07-23,2021,7,Summer,7,Germany,DEU,Europe,Western Europe,Flood,Hydrological,Minor,222,90000,0,2.67,0.108,40000000,0.0009,4278503934689.8535,51427.0,83196078.0,0.943,High income,West Germany / Ahrtal floods — 1000yr event
2021-07-17,2021-07-23,2021,7,Summer,7,Belgium,BEL,Europe,Western Europe,Flood,Hydrological,Minor,38,45000,0,3.28,0.388,3800000,0.0006,600904461226.3469,51864.0,11586195.0,0.944,High income,Belgium floods — same event system
2021-08-14,2021-08-15,2021,8,Summer,2,Haiti,HTI,Americas,Latin America and the Caribbean,Earthquake,Geophysical,Severe,2248,650000,37000,197.63,5.714,1600000,0.0077,20877414952.63745,1835.0,11374586.0,0.44,Lower-middle income,Mw 7.2 Haiti earthquake
2021-08-25,2021-09-01,2021,8,Summer,8,United States,USA,Americas,Northern America,Hurricane,Meteorological,Minor,27,300000,0,0.08,0.09,75000000,0.0003,23594031000000.0,71045.0,332099760.0,0.992,High income,Hurricane Ida — Cat 4 Louisiana
2021-09-19,2021-12-13,2021,9,Autumn,86,Spain,ESP,Europe,Southern Europe,Volcanic,Geophysical,Minor,0,7000,9000,0.0,0.015,1000000,0.0001,1445651653604.628,30471.0,47443821.0,0.864,High income,La Palma Cumbre Vieja eruption
2021-10-19,2021-11-30,2021,10,Autumn,43,India,IND,Asia,Southern Asia,Flood,Hydrological,Moderate,122,300000,0,0.09,0.021,1400000,0.0,3167270623260.5225,2240.0,1414203896.0,0.47,Lower-middle income,Kerala + Tamil Nadu flooding
2021-10-28,2021-11-01,2021,10,Autumn,5,India,IND,Asia,Southern Asia,Tropical Storm,Meteorological,Minor,42,780000,0,0.03,0.055,1100000,0.0,3167270623260.5225,2240.0,1414203896.0,0.47,Lower-middle income,Cyclone Jawad
2021-12-01,2021-12-31,2021,12,Winter,31,Philippines,PHL,Asia,South-eastern Asia,Tropical Storm,Meteorological,Moderate,409,400000,0,3.62,0.354,1900000,0.0005,394087359848.11,3484.0,113100950.0,0.536,Lower-middle income,Typhoon Rai (Odette) — Cat 5
2022-01-01,2022-12-31,2022,1,Winter,365,Horn of Africa,SOM,Africa,Sub-Saharan Africa,Drought,Climatological,Moderate,0,22000000,0,0.0,123.582,1700000,0.0163,10419541202.0391,585.0,17801897.0,0.267,Low income,4th consecutive failed rainy season
2022-01-15,2022-01-15,2022,1,Winter,1,Tonga,TON,Oceania,Polynesia,Volcanic,Geophysical,Minor,3,84000,3000,28.56,79.968,90000,0.018,500274898.0852215,4763.0,105042.0,0.584,Upper-middle income,Hunga Tonga eruption + tsunami
2022-02-28,2022-03-05,2022,2,Winter,6,Australia,AUS,Oceania,Australia and New Zealand,Flood,Hydrological,Minor,24,160000,0,0.92,0.615,2900000,0.0002,1692956646855.7017,65067.0,26018721.0,0.979,High income,Queensland / NSW floods
2022-03-22,2022-03-23,2022,3,Spring,2,Australia,AUS,Oceania,Australia and New Zealand,Flood,Hydrological,Minor,20,100000,0,0.77,0.384,1600000,0.0001,1692956646855.7017,65067.0,26018721.0,0.979,High income,Brisbane floods — 3rd major flood event
2022-04-01,2022-06-30,2022,4,Spring,91,India,IND,Asia,Southern Asia,Extreme Temperature,Meteorological,Minor,90,0,0,0.06,0.0,900000,0.0,3353470496885.948,2353.0,1425423212.0,0.477,Lower-middle income,India March–May heatwave — earliest on record
2022-05-01,2022-09-30,2022,5,Spring,153,China,CHN,Asia,Eastern Asia,Flood,Hydrological,Severe,606,19000000,0,0.43,1.345,12200000,0.0001,17881783387000.867,12663.0,1412175000.0,0.731,Upper-middle income,Summer flooding across China
2022-06-01,2022-09-30,2022,6,Summer,122,Pakistan,PAK,Asia,Southern Asia,Flood,Hydrological,Severe,1739,33000000,7900000,7.14,13.541,30000000,0.008,374787958882.3077,1538.0,243700667.0,0.413,Lower-middle income,2022 Pakistan floods — 1/3 country underwater
2022-07-01,2022-08-31,2022,7,Summer,62,Europe,GBR,Europe,Western Europe,Extreme Temperature,Meteorological,Severe,61000,0,0,902.31,0.0,45000000,0.0015,3088839763445.0234,45690.0,67604000.0,0.925,High income,2022 European heatwave — 40°C UK record
2022-07-01,2022-08-31,2022,7,Summer,62,Europe,ESP,Europe,Western Europe,Wildfire,Climatological,Minor,0,500000,0,0.0,1.046,2100000,0.0001,1417800466262.6514,29670.0,47786102.0,0.86,High income,Southwest Europe wildfires
2022-09-01,2022-10-31,2022,9,Autumn,61,West Africa,NER,Africa,Sub-Saharan Africa,Flood,Hydrological,Moderate,269,800000,0,10.63,3.161,1100000,0.0071,15433852712.296335,610.0,25311973.0,0.273,Low income,Sahel flooding 2022
2022-09-28,2022-09-29,2022,9,Autumn,2,United States,USA,Americas,Northern America,Hurricane,Meteorological,Moderate,149,2500000,0,0.45,0.748,113000000,0.0004,25744108000000.0,77074.0,334017321.0,1.0,High income,Hurricane Ian — Cat 4 Florida
2022-10-25,2022-10-26,2022,10,Autumn,2,Philippines,PHL,Asia,South-eastern Asia,Tropical Storm,Meteorological,Moderate,72,500000,0,0.63,0.439,1800000,0.0004,404353369604.6311,3548.0,113964338.0,0.539,Lower-middle income,Typhoon Paeng (Nalgae)
2022-11-01,2022-11-30,2022,11,Autumn,30,Nigeria,NGA,Africa,Sub-Saharan Africa,Flood,Hydrological,Severe,663,1400000,0,2.97,0.627,4200000,0.0009,472624596925.9383,2118.0,223150896.0,0.461,Lower-middle income,Nigeria River Niger / Benue floods
2022-11-21,2022-11-22,2022,11,Autumn,2,Indonesia,IDN,Asia,South-eastern Asia,Earthquake,Geophysical,Minor,334,58000,15000,1.2,0.021,5000000,0.0004,1319076267310.162,4731.0,278830529.0,0.583,Upper-middle income,Cianjur earthquake M5.6
2022-12-01,2022-12-31,2022,12,Winter,31,United States,USA,Americas,Northern America,Extreme Temperature,Meteorological,Minor,102,0,0,0.31,0.0,1200000,0.0,25744108000000.0,77074.0,334017321.0,1.0,High income,Winter Storm Elliott — record cold
2023-02-06,2023-02-07,2023,2,Winter,2,Turkey,TUR,Asia,Western Asia,Earthquake,Geophysical,Catastrophic,50783,3000000,0,595.16,3.516,104100000,0.0094,1108022373259.511,12986.0,85325965.0,0.735,Upper-middle income,Mw 7.8 + Mw 7.7 Kahramanmaras earthquakes
2023-02-06,2023-02-07,2023,2,Winter,2,Syria,SYR,Asia,Western Asia,Earthquake,Geophysical,Severe,8476,1700000,0,359.23,7.205,5000000,0.0557,8980060818.721447,381.0,23594623.0,0.202,Low income,Syria earthquake — same system as Turkey
2023-04-01,2023-05-31,2023,4,Spring,61,Asia,IND,Asia,Southern Asia,Extreme Temperature,Meteorological,Minor,110,0,0,0.08,0.0,800000,0.0,3549918918777.532,2469.0,1438069596.0,0.484,Lower-middle income,Early 2023 heatwaves Asia
2023-05-01,2023-09-30,2023,5,Spring,153,Canada,CAN,Americas,Northern America,Wildfire,Climatological,Minor,0,230000,0,0.0,0.574,4500000,0.0002,2140085567791.452,53391.0,40083484.0,0.949,High income,Canada wildfire season — record 18M hectares
2023-05-14,2023-05-16,2023,5,Spring,3,Bangladesh,BGD,Asia,Southern Asia,Tropical Storm,Meteorological,Minor,17,950000,200000,0.1,0.554,900000,0.0002,437415331040.9943,2551.0,171466990.0,0.489,Lower-middle income,Cyclone Mocha — Cat 4
2023-06-01,2023-10-31,2023,6,Summer,153,Pakistan,PAK,Asia,Southern Asia,Flood,Hydrological,Moderate,300,2800000,0,1.21,1.131,3200000,0.0009,338368455317.8758,1367.0,247504495.0,0.395,Lower-middle income,2023 Pakistan monsoon floods
2023-07-01,2023-08-31,2023,7,Summer,62,Europe,ITA,Europe,Western Europe,Extreme Temperature,Meteorological,Severe,61000,0,0,1034.17,0.0,47000000,0.0021,2254851212731.8047,38228.0,58984216.0,0.898,High income,Cerberus / Charon heatwaves Europe 2023
2023-08-01,2023-09-30,2023,8,Summer,61,Greece,GRC,Europe,Southern Europe,Wildfire,Climatological,Minor,28,800000,0,2.69,7.687,3300000,0.0014,238206312632.5277,22888.0,10407351.0,0.821,High income,Evros region wildfire — largest in EU history
2023-08-08,2023-08-10,2023,8,Summer,3,United States,USA,Americas,Northern America,Wildfire,Climatological,Minor,101,3000,0,0.3,0.001,5600000,0.0,27360935000000.0,81236.0,336806231.0,1.0,High income,Maui (Lahaina) wildfire — deadliest in US in 100yr
2023-09-08,2023-09-09,2023,9,Autumn,2,Morocco,MAR,Africa,Northern Africa,Earthquake,Geophysical,Severe,2960,300000,0,78.49,0.795,3800000,0.0027,141109373209.41437,3742.0,37712505.0,0.547,Lower-middle income,Mw 6.8 Al Haouz earthquake — High Atlas
2023-09-10,2023-09-12,2023,9,Autumn,3,Libya,LBY,Africa,Northern Africa,Flood,Hydrological,Severe,11300,43000,0,1546.75,0.589,18000000,0.0356,50491722445.7773,6911.0,7305659.0,0.64,Upper-middle income,Storm Daniel — Derna dam collapse
2023-10-07,2023-10-11,2023,10,Autumn,5,India,IND,Asia,Southern Asia,Flood,Hydrological,Moderate,80,800000,0,0.06,0.056,2100000,0.0001,3549918918777.532,2469.0,1438069596.0,0.484,Lower-middle income,Sikkim glacial lake outburst flood
2023-10-08,2023-10-09,2023,10,Autumn,2,Afghanistan,AFG,Asia,Southern Asia,Earthquake,Geophysical,Moderate,1482,200000,0,35.75,0.482,1100000,0.0076,14502158192.090397,350.0,41454761.0,0.189,Low income,Herat earthquake M6.3
2023-11-01,2023-11-30,2023,11,Autumn,30,Somalia,SOM,Africa,Sub-Saharan Africa,Flood,Hydrological,Moderate,100,700000,0,5.45,3.813,900000,0.0077,11679800110.152267,636.0,18358615.0,0.279,Low income,Somalia Cyclone Tej + El Niño flooding
2023-11-17,2023-11-19,2023,11,Autumn,3,Tanzania,TZA,Africa,Sub-Saharan Africa,Flood,Hydrological,Moderate,155,200000,0,2.33,0.3,800000,0.001,79158286333.52399,1188.0,66617606.0,0.374,Lower-middle income,Tanzania El Niño flooding
2024-01-01,2024-02-29,2024,1,Winter,60,Kenya,KEN,Africa,Sub-Saharan Africa,Flood,Hydrological,Moderate,295,400000,0,5.33,0.723,1100000,0.001,107440575838.04752,1941.0,55339003.0,0.448,Lower-middle income,East Africa El Niño flooding
2024-01-23,2024-01-24,2024,1,Winter,2,Japan,JPN,Asia,Eastern Asia,Earthquake,Geophysical,Minor,245,100000,0,1.97,0.08,6000000,0.0001,4212945159781.403,33834.0,124516650.0,0.88,High income,Noto Peninsula earthquake M7.5
2024-04-02,2024-04-03,2024,4,Spring,2,Taiwan,TWN,,,Earthquake,Geophysical,Minor,17,1000,0,,,3200000,,,,,,Unknown,Mw 7.4 Hualien earthquake
2024-05-01,2024-09-30,2024,5,Spring,153,South Sudan,SSD,Africa,Sub-Saharan Africa,Flood,Hydrological,Minor,42,700000,0,3.66,6.096,800000,0.0067,11997800760.224182,1045.0,11483374.0,0.354,Low income,South Sudan flooding
2024-05-01,2024-06-30,2024,5,Spring,61,Canada,CAN,Americas,Northern America,Wildfire,Climatological,Minor,0,35000,0,0.0,0.087,1800000,0.0001,2140085567791.452,53391.0,40083484.0,0.949,High income,2024 Canada early wildfire season
2024-05-10,2024-05-11,2024,5,Spring,2,Afghanistan,AFG,Asia,Southern Asia,Flood,Hydrological,Moderate,401,300000,0,9.67,0.724,700000,0.0048,14502158192.090397,350.0,41454761.0,0.189,Low income,Flash floods northern Afghanistan
2024-06-01,2024-10-31,2024,6,Summer,153,Brazil,BRA,Americas,Latin America and the Caribbean,Wildfire,Climatological,Minor,0,500000,0,0.0,0.237,4200000,0.0002,2173665655937.2737,10295.0,211140729.0,0.7,Upper-middle income,Amazon/Pantanal wildfires — record deforestation fires
2024-06-01,2024-09-30,2024,6,Summer,122,India,IND,Asia,Southern Asia,Extreme Temperature,Meteorological,Minor,200,0,0,0.14,0.0,1700000,0.0,3549918918777.532,2469.0,1438069596.0,0.484,Lower-middle income,India 2024 heatwave
2024-07-01,2024-08-31,2024,7,Summer,62,Europe,ITA,Europe,Western Europe,Extreme Temperature,Meteorological,Severe,52000,0,0,881.59,0.0,49000000,0.0022,2254851212731.8047,38228.0,58984216.0,0.898,High income,2024 European heatwave
2024-07-01,2024-08-31,2024,7,Summer,62,United States,USA,Americas,Northern America,Extreme Temperature,Meteorological,Minor,140,0,0,0.42,0.0,2500000,0.0,27360935000000.0,81236.0,336806231.0,1.0,High income,US heatwave July 2024
2024-07-01,2024-09-30,2024,7,Summer,92,China,CHN,Asia,Eastern Asia,Flood,Hydrological,Severe,390,22000000,0,0.28,1.559,14100000,0.0001,17794781986104.457,12614.0,1410710000.0,0.731,Upper-middle income,China 2024 summer floods
2024-08-01,2024-09-30,2024,8,Summer,61,Southern Africa,ZMB,Africa,Sub-Saharan Africa,Drought,Climatological,Moderate,0,6500000,0,0.0,31.365,900000,0.0032,28162630953.9285,1359.0,20723965.0,0.394,Lower-middle income,El Niño drought Southern Africa
2024-08-14,2024-08-15,2024,8,Summer,2,Bangladesh,BGD,Asia,Southern Asia,Flood,Hydrological,Moderate,70,5500000,500000,0.41,3.208,1200000,0.0003,437415331040.9943,2551.0,171466990.0,0.489,Lower-middle income,Bangladesh flooding — worst since 1988
2024-09-01,2024-09-30,2024,9,Autumn,30,Central Europe,AUT,Europe,Western Europe,Flood,Hydrological,Minor,24,100000,0,2.63,1.095,4500000,0.0009,516034144115.9503,56510.0,9131761.0,0.957,High income,Storm Boris — central European floods
2024-09-26,2024-09-27,2024,9,Autumn,2,United States,USA,Americas,Northern America,Hurricane,Meteorological,Moderate,232,250000,0,0.69,0.074,50000000,0.0002,27360935000000.0,81236.0,336806231.0,1.0,High income,Hurricane Helene — record inland flooding
2024-10-09,2024-10-10,2024,10,Autumn,2,United States,USA,Americas,Northern America,Hurricane,Meteorological,Minor,36,150000,0,0.11,0.045,34000000,0.0001,27360935000000.0,81236.0,336806231.0,1.0,High income,Hurricane Milton — Cat 5 Tampa Bay
2024-11-01,2024-11-02,2024,11,Autumn,2,Spain,ESP,Europe,Southern Europe,Flood,Hydrological,Moderate,228,120000,0,4.72,0.248,10500000,0.0007,1580694712515.714,32691.0,48352528.0,0.875,High income,Valencia DANA floods — deadliest in Spain in decades
2025-01-07,2025-01-31,2025,1,Winter,25,United States,USA,Americas,Northern America,Wildfire,Climatological,Minor,31,180000,0,0.09,0.053,250000000,0.0009,27360935000000.0,81236.0,336806231.0,1.0,High income,Los Angeles wildfires — Palisades & Eaton fires
2025-03-01,2025-04-30,2025,3,Spring,61,Tanzania,TZA,Africa,Sub-Saharan Africa,Flood,Hydrological,Moderate,200,500000,0,3.0,0.751,1100000,0.0014,79158286333.52399,1188.0,66617606.0,0.374,Lower-middle income,East Africa long rains flooding 2025
2025-04-01,2025-09-30,2025,4,Spring,183,Europe,ITA,Europe,Western Europe,Extreme Temperature,Meteorological,Moderate,4723,0,0,80.07,0.0,52000000,0.0023,2254851212731.8047,38228.0,58984216.0,0.898,High income,2025 European heatwaves — record summer
2025-04-01,2025-07-31,2025,4,Spring,122,India,IND,Asia,Southern Asia,Extreme Temperature,Meteorological,Minor,455,0,0,0.32,0.0,2800000,0.0001,3549918918777.532,2469.0,1438069596.0,0.484,Lower-middle income,India-Pakistan 2025 heatwave
2025-05-01,2025-09-30,2025,5,Spring,153,Southern Africa,ZWE,Africa,Sub-Saharan Africa,Drought,Climatological,Moderate,0,7000000,0,0.0,42.838,1200000,0.0045,26538273498.84614,1624.0,16340822.0,0.421,Lower-middle income,2025 El Niño drought continued
2025-05-28,2025-05-29,2025,5,Spring,2,Nigeria,NGA,Africa,Sub-Saharan Africa,Flood,Hydrological,Moderate,500,700000,0,2.19,0.307,1500000,0.0004,362814951696.0728,1592.0,227882945.0,0.418,Lower-middle income,Nigeria 2025 Mokwa flood
2025-06-01,2025-09-30,2025,6,Summer,122,Pakistan,PAK,Asia,Southern Asia,Flood,Hydrological,Severe,1037,3800000,500000,4.19,1.535,4200000,0.0012,338368455317.8758,1367.0,247504495.0,0.395,Lower-middle income,2025 Pakistan monsoon floods
2025-07-04,2025-07-07,2025,7,Summer,4,United States,USA,Americas,Northern America,Flood,Hydrological,Moderate,137,220000,0,0.41,0.065,3500000,0.0,27360935000000.0,81236.0,336806231.0,1.0,High income,Texas flash floods July 2025
2025-09-01,2025-11-30,2025,9,Autumn,91,South Asia,BGD,Asia,Southern Asia,Flood,Hydrological,Moderate,180,4200000,350000,1.05,2.449,2100000,0.0005,437415331040.9943,2551.0,171466990.0,0.489,Lower-middle income,Bangladesh monsoon + pre-monsoon floods 2025
2025-11-25,2025-11-30,2025,11,Autumn,6,Somalia,SOM,Africa,Sub-Saharan Africa,Tropical Storm,Meteorological,Moderate,1500,600000,0,81.71,3.268,2200000,0.0188,11679800110.152267,636.0,18358615.0,0.279,Low income,Cyclone Senyar — Somalia
